title,summary,name,links,publisher,topic,format
Internal Audit Plan,List of internal audits planned by year.,Internal Audit Plan 2024-25,https://fsaopendata.blob.core.windows.net/opendatacatalog/InternalAuditPlan2024-25.xlsx,Food Standards Agency,Towns and cities,CSV
Internal Audit Plan,List of internal audits planned by year.,Internal Audit Plan 2023-24,https://fsaopendata.blob.core.windows.net/opendatacatalog/fsa-catalogue2/InternalAuditPlan2324.csv,Food Standards Agency,Towns and cities,CSV
Internal Audit Plan,List of internal audits planned by year.,Internal Audit Plan 2022-23,https://fsaopendata.blob.core.windows.net/opendatacatalog/fsa-catalogue2/AnnualAuditAssurancePlan2022-23.csv,Food Standards Agency,Towns and cities,CSV
Internal Audit Plan,List of internal audits planned by year.,Internal Audit Plan 2021-22,https://fsadata.github.io/internal-audit-plan/data/internal-audit-plan-2021-22.csv,Food Standards Agency,Towns and cities,CSV
Internal Audit Plan,List of internal audits planned by year.,Internal Audit Plan 2020-21,https://fsadata.github.io/internal-audit-plan/data/internal-audit-plan-2020-21.csv,Food Standards Agency,Towns and cities,CSV
Internal Audit Plan,List of internal audits planned by year.,Internal Audit Plan 2019-20,https://fsadata.github.io/internal-audit-plan/data/internal-audit-plan-2019-20.csv,Food Standards Agency,Towns and cities,CSV
Internal Audit Plan,List of internal audits planned by year.,Internal Audit Plan 2018-2019,https://fsadata.github.io/internal-audit-plan/data/internal-audit-plan-2018-19.csv,Food Standards Agency,Towns and cities,CSV
Internal Audit Plan,List of internal audits planned by year.,Internal Audit Plan 2017-2018,https://fsadata.github.io/internal-audit-plan/data/internal-audit-plan-2017-18.csv,Food Standards Agency,Towns and cities,CSV
Internal Audit Plan,List of internal audits planned by year.,Internal Audit Plan 2016-2017,https://fsadata.github.io/internal-audit-plan/data/internal-audit-plan-2016-2017.csv,Food Standards Agency,Towns and cities,CSV
Internal Audit Plan,List of internal audits planned by year.,Internal Audit Plan 2015-2016,https://fsadata.github.io/internal-audit-plan/data/internal-audit-plan-2015-2016.csv,Food Standards Agency,Towns and cities,CSV
Sheep & Goat Conditions,Sheep & goat condition data collected by Food Standards Agency staff at approved meat establishments as a percentage of sheep & goat throughput. The data is aggregated to country level and is shown by month.,Sheep & Goat Conditions Oct 20 - Dec 20,https://fsadata.github.io/sheep-goat-conditions/data/sheep-goat-conditions-oct-20-dec-20.csv,Food Standards Agency,Government,CSV
Sheep & Goat Conditions,Sheep & goat condition data collected by Food Standards Agency staff at approved meat establishments as a percentage of sheep & goat throughput. The data is aggregated to country level and is shown by month.,Sheep & Goat Conditions Jul 20 - Sep 20,https://fsadata.github.io/sheep-goat-conditions/data/sheep-goat-conditions-jul-20-sep-20.csv,Food Standards Agency,Government,CSV
Sheep & Goat Conditions,Sheep & goat condition data collected by Food Standards Agency staff at approved meat establishments as a percentage of sheep & goat throughput. The data is aggregated to country level and is shown by month.,Sheep & Goat Conditions Apr 20 - Jun 20,https://fsadata.github.io/sheep-goat-conditions/data/sheep-goat-conditions-apr-20-jun-20.csv,Food Standards Agency,Government,CSV
Sheep & Goat Conditions,Sheep & goat condition data collected by Food Standards Agency staff at approved meat establishments as a percentage of sheep & goat throughput. The data is aggregated to country level and is shown by month.,Sheep & Goat Conditions Jan 20 - Mar 20,https://fsadata.github.io/sheep-goat-conditions/data/sheep-goat-conditions-jan-20-mar-20.csv,Food Standards Agency,Government,CSV
Sheep & Goat Conditions,Sheep & goat condition data collected by Food Standards Agency staff at approved meat establishments as a percentage of sheep & goat throughput. The data is aggregated to country level and is shown by month.,Sheep & Goat Conditions Oct 19 - Dec 19,https://fsadata.github.io/sheep-goat-conditions/data/sheep-goat-conditions-oct-19-dec-19.csv,Food Standards Agency,Government,CSV
Sheep & Goat Conditions,Sheep & goat condition data collected by Food Standards Agency staff at approved meat establishments as a percentage of sheep & goat throughput. The data is aggregated to country level and is shown by month.,Sheep & Goat Conditions Jul19-Sep19,https://fsadata.github.io/sheep-goat-conditions/data/sheep-goat-conditions-jul19-sep19.csv,Food Standards Agency,Government,CSV
Sheep & Goat Conditions,Sheep & goat condition data collected by Food Standards Agency staff at approved meat establishments as a percentage of sheep & goat throughput. The data is aggregated to country level and is shown by month.,Sheep & Goat Conditions Apr19-Jun19,https://fsadata.github.io/sheep-goat-conditions/data/sheep-goat-conditions-apr19-jun19.csv,Food Standards Agency,Government,CSV
Sheep & Goat Conditions,Sheep & goat condition data collected by Food Standards Agency staff at approved meat establishments as a percentage of sheep & goat throughput. The data is aggregated to country level and is shown by month.,Sheep & Goat Conditions Jan19-Mar19,https://fsadata.github.io/sheep-goat-conditions/data/sheep-goat-conditions-jan-19-mar-19.csv,Food Standards Agency,Government,CSV
Sheep & Goat Conditions,Sheep & goat condition data collected by Food Standards Agency staff at approved meat establishments as a percentage of sheep & goat throughput. The data is aggregated to country level and is shown by month.,Sheep & Goat Conditions Oct18-Dec18,https://fsadata.github.io/sheep-goat-conditions/data/sheep-goat-conditions-oct18-dec18.csv,Food Standards Agency,Government,CSV
Sheep & Goat Conditions,Sheep & goat condition data collected by Food Standards Agency staff at approved meat establishments as a percentage of sheep & goat throughput. The data is aggregated to country level and is shown by month.,Sheep & Goats Conditions Jul18-Sep18,https://fsadata.github.io/sheep-goat-conditions/data/sheep-goat-conditions-jul18-sep18.csv,Food Standards Agency,Government,CSV
Sheep & Goat Conditions,Sheep & goat condition data collected by Food Standards Agency staff at approved meat establishments as a percentage of sheep & goat throughput. The data is aggregated to country level and is shown by month.,Sheep & Goats Conditions Apr18-Jun18,https://fsadata.github.io/sheep-goat-conditions/data/sheep-goat-conditions-apr18-jun18.csv,Food Standards Agency,Government,CSV
Sheep & Goat Conditions,Sheep & goat condition data collected by Food Standards Agency staff at approved meat establishments as a percentage of sheep & goat throughput. The data is aggregated to country level and is shown by month.,Sheep & Goat Conditions Jan18-Mar18,https://fsadata.github.io/sheep-goat-conditions/data/sheep-goat-conditions-jan18-mar18.csv,Food Standards Agency,Government,CSV
Sheep & Goat Conditions,Sheep & goat condition data collected by Food Standards Agency staff at approved meat establishments as a percentage of sheep & goat throughput. The data is aggregated to country level and is shown by month.,Sheep & Goat Conditions Oct17-Dec17,https://fsadata.github.io/sheep-goat-conditions/data/sheep-goat-conditions-oct17-dec17.csv,Food Standards Agency,Government,CSV
Sheep & Goat Conditions,Sheep & goat condition data collected by Food Standards Agency staff at approved meat establishments as a percentage of sheep & goat throughput. The data is aggregated to country level and is shown by month.,Sheep & Goat Conditions Jul17-Sept17,https://fsadata.github.io/sheep-goat-conditions/data/sheep-goat-conditions-jul17-sept17.csv,Food Standards Agency,Government,CSV
Sheep & Goat Conditions,Sheep & goat condition data collected by Food Standards Agency staff at approved meat establishments as a percentage of sheep & goat throughput. The data is aggregated to country level and is shown by month.,Sheep & Goat Conditions Apr17-Jun17,https://fsadata.github.io/sheep-goat-conditions/data/sheep-goat-conditions-apr17-jun17.csv,Food Standards Agency,Government,CSV
Sheep & Goat Conditions,Sheep & goat condition data collected by Food Standards Agency staff at approved meat establishments as a percentage of sheep & goat throughput. The data is aggregated to country level and is shown by month.,Sheep & Goat Conditions Jul16-May17,https://fsadata.github.io/sheep-goat-conditions/data/sheep-goat-conditions-jul16-mar17.csv,Food Standards Agency,Government,CSV
Food Standards Agency - Non-consolidated Performance Related Pay,Information on Non-Consolidated Performance Related Payments made to SCS and Non-SCS Staff.,Non-Consolidated Performance Related Payments made to SCS and Non-SCS Staff for the Performance Year 2021-22,https://fsaopendata.blob.core.windows.net/opendatacatalog/fsa-catalogue2/fsa+ncprp+202122.csv,Food Standards Agency,Government,CSV
Food Standards Agency - Non-consolidated Performance Related Pay,Information on Non-Consolidated Performance Related Payments made to SCS and Non-SCS Staff.,Non-Consolidated Performance Related Payments made to SCS and Non-SCS Staff for the Performance Year 2020-21,https://fsaopendata.blob.core.windows.net/opendatacatalog/fsa-catalogue2/fsa+ncrp+202021.csv,Food Standards Agency,Government,CSV
Food Standards Agency - Non-consolidated Performance Related Pay,Information on Non-Consolidated Performance Related Payments made to SCS and Non-SCS Staff.,Non-Consolidated Performance Related Payments made to SCS and Non-SCS Staff for the Performance Year 2019-20,https://fsaopendata.blob.core.windows.net/opendatacatalog/fsa-catalogue2/fsa+ncrp+201920.csv,Food Standards Agency,Government,CSV
Food Standards Agency - Non-consolidated Performance Related Pay,Information on Non-Consolidated Performance Related Payments made to SCS and Non-SCS Staff.,Non-Consolidated Performance Related Payments made to SCS and Non-SCS Staff for the Performance Year 2018-19,https://fsaopendata.blob.core.windows.net/opendatacatalog/fsa-catalogue2/fsa%20ncrp%20201819.csv,Food Standards Agency,Government,CSV
Food Standards Agency - Non-consolidated Performance Related Pay,Information on Non-Consolidated Performance Related Payments made to SCS and Non-SCS Staff.,Non-Consolidated Performance Related Payments made to SCS and Non-SCS Staff for the Performance Year 2017-18,https://fsaopendata.blob.core.windows.net/opendatacatalog/fsa-catalogue2/fsa-ncprp-201718.csv,Food Standards Agency,Government,CSV
Food Standards Agency - Non-consolidated Performance Related Pay,Information on Non-Consolidated Performance Related Payments made to SCS and Non-SCS Staff.,Non-Consolidated Performance Related Payments made to SCS and Non-SCS Staff for the Performance Year 2015-16,https://fsadata.github.io/non-consolidated-performance-related-payments-made-to-scs-and-non-scs-staff/data/non-consolidated-performance-related-payments-made-to-scs-and-non-scs-staff-for-the-performance-year-2015-16.csv,Food Standards Agency,Government,CSV
Food Standards Agency - Non-consolidated Performance Related Pay,Information on Non-Consolidated Performance Related Payments made to SCS and Non-SCS Staff.,Non-Consolidated Performance Related Payments made to SCS and Non-SCS Staff for the Performance Year 2014-15,http://www.food.gov.uk/sites/default/files/fsa-ncprp-2015.csv,Food Standards Agency,Government,CSV
Food Standards Agency - Non-consolidated Performance Related Pay,Information on Non-Consolidated Performance Related Payments made to SCS and Non-SCS Staff.,Non-Consolidated Performance Related Payments made to SCS and Non-SCS Staff for the Performance Year 2013-14,http://www.food.gov.uk/sites/default/files/csv/fsa-ncprp-2014.csv,Food Standards Agency,Government,CSV
Non-consolidated Performance Related Pay - HM Revenue & Customs and Valuation Office Agency,Publication of information on Non-consolidated Performance Related Pay data for departments and their agencies in respect of the performance year 2010-11 onwards.,Non-consolidated Performance Related Pay - Performance Year 2021 - 2022,https://assets.publishing.service.gov.uk/government/uploads/system/uploads/attachment_data/file/1145520/HMRC-non-consolidated-performance-pay-April-2021-to-March-2022.csv,HM Revenue and Customs,Government,CSV
Non-consolidated Performance Related Pay - HM Revenue & Customs and Valuation Office Agency,Publication of information on Non-consolidated Performance Related Pay data for departments and their agencies in respect of the performance year 2010-11 onwards.,Non-consolidated Performance Related Pay - Performance Year 2020 - 2021,https://assets.publishing.service.gov.uk/government/uploads/system/uploads/attachment_data/file/1065045/HMRC-non-consolidated-performance-pay-April-2020-to-March-2021.csv,HM Revenue and Customs,Government,CSV
Non-consolidated Performance Related Pay - HM Revenue & Customs and Valuation Office Agency,Publication of information on Non-consolidated Performance Related Pay data for departments and their agencies in respect of the performance year 2010-11 onwards.,Non-consolidated Performance Related Pay - Performance Year 2019 - 2020,https://assets.publishing.service.gov.uk/government/uploads/system/uploads/attachment_data/file/1065044/HMRC-non-consolidated-performance-pay-April-2019-to-March-2020.csv,HM Revenue and Customs,Government,CSV
Non-consolidated Performance Related Pay - HM Revenue & Customs and Valuation Office Agency,Publication of information on Non-consolidated Performance Related Pay data for departments and their agencies in respect of the performance year 2010-11 onwards.,Non-consolidated Performance Related Pay - Performance Year 2018 - 2019,https://assets.publishing.service.gov.uk/government/uploads/system/uploads/attachment_data/file/929656/HMRC-non-consolidated-performance-pay-April-2018-to-March-2019.csv,HM Revenue and Customs,Government,CSV
Non-consolidated Performance Related Pay - HM Revenue & Customs and Valuation Office Agency,Publication of information on Non-consolidated Performance Related Pay data for departments and their agencies in respect of the performance year 2010-11 onwards.,Non-consolidated Performance Related Pay - Performance Year 2017 - 2018,https://assets.publishing.service.gov.uk/government/uploads/system/uploads/attachment_data/file/808688/HMRC-non-consolidated-performance-pay-April-2017-to-March-2018.csv,HM Revenue and Customs,Government,CSV
Non-consolidated Performance Related Pay - HM Revenue & Customs and Valuation Office Agency,Publication of information on Non-consolidated Performance Related Pay data for departments and their agencies in respect of the performance year 2010-11 onwards.,Non-consolidated Performance Related Pay - Performance Year 2016 - 2017,https://www.gov.uk/government/uploads/system/uploads/attachment_data/file/718936/HMRC-non-consolidated-performance-pay-April-2016-to-March-2017.csv,HM Revenue and Customs,Government,CSV
Non-consolidated Performance Related Pay - HM Revenue & Customs and Valuation Office Agency,Publication of information on Non-consolidated Performance Related Pay data for departments and their agencies in respect of the performance year 2010-11 onwards.,Non-consolidated Performance Related Pay - Performance Year 2015 - 2016,https://www.gov.uk/government/uploads/system/uploads/attachment_data/file/620800/Non_Consolidated_Performance_Related_Payments_2015_to_2016.csv,HM Revenue and Customs,Government,CSV
Non-consolidated Performance Related Pay - HM Revenue & Customs and Valuation Office Agency,Publication of information on Non-consolidated Performance Related Pay data for departments and their agencies in respect of the performance year 2010-11 onwards.,Non-consolidated Performance Related Pay - Performance Year 2014 - 2015,https://www.gov.uk/government/uploads/system/uploads/attachment_data/file/509323/Non_Consolidated_Performance_Related_Payments_2014_to_2015.xlsx,HM Revenue and Customs,Government,CSV
Non-consolidated Performance Related Pay - HM Revenue & Customs and Valuation Office Agency,Publication of information on Non-consolidated Performance Related Pay data for departments and their agencies in respect of the performance year 2010-11 onwards.,Non-consolidated Performance Related Pay - Performance Year 2013 - 2014,https://www.gov.uk/government/uploads/system/uploads/attachment_data/file/413138/Non_Consolidated_Performance_Related_Payments_2013-14.csv,HM Revenue and Customs,Government,CSV
Non-consolidated Performance Related Pay - HM Revenue & Customs and Valuation Office Agency,Publication of information on Non-consolidated Performance Related Pay data for departments and their agencies in respect of the performance year 2010-11 onwards.,Non-consolidated Performance Related Pay - Performance Year 2013 - 2014,https://www.gov.uk/government/uploads/system/uploads/attachment_data/file/413139/Non_Consolidated_Performance_Related_Payments_2013-14.xls,HM Revenue and Customs,Government,XLS
Non-consolidated Performance Related Pay - HM Revenue & Customs and Valuation Office Agency,Publication of information on Non-consolidated Performance Related Pay data for departments and their agencies in respect of the performance year 2010-11 onwards.,Non-consolidated Performance Related Pay - Performance Year 2012 - 2013,https://www.gov.uk/government/uploads/system/uploads/attachment_data/file/285174/ncprp-1213.csv,HM Revenue and Customs,Government,CSV
Non-consolidated Performance Related Pay - HM Revenue & Customs and Valuation Office Agency,Publication of information on Non-consolidated Performance Related Pay data for departments and their agencies in respect of the performance year 2010-11 onwards.,Non-consolidated Performance Related Pay - Performance Year 2012 - 2013,https://www.gov.uk/government/uploads/system/uploads/attachment_data/file/285173/ncprp-1213.xls,HM Revenue and Customs,Government,XLS
Non-consolidated Performance Related Pay - HM Revenue & Customs and Valuation Office Agency,Publication of information on Non-consolidated Performance Related Pay data for departments and their agencies in respect of the performance year 2010-11 onwards.,Non-consolidated Performance Related Pay - Performance Year 2011 - 2012,https://www.gov.uk/government/uploads/system/uploads/attachment_data/file/89049/ncprp-1112.csv,HM Revenue and Customs,Government,CSV
Non-consolidated Performance Related Pay - HM Revenue & Customs and Valuation Office Agency,Publication of information on Non-consolidated Performance Related Pay data for departments and their agencies in respect of the performance year 2010-11 onwards.,Non-consolidated Performance Related Pay - Performance Year 2011 - 2012,https://www.gov.uk/government/uploads/system/uploads/attachment_data/file/89048/ncprp-1112.xls,HM Revenue and Customs,Government,XLS
Non-consolidated Performance Related Pay - HM Revenue & Customs and Valuation Office Agency,Publication of information on Non-consolidated Performance Related Pay data for departments and their agencies in respect of the performance year 2010-11 onwards.,GOV.UK web page on Non-consolidated performance related payments,https://www.gov.uk/government/publications/non-consolidated-performance-related-payments,HM Revenue and Customs,Government,HTML
Non-consolidated Performance Related Pay - HM Revenue & Customs and Valuation Office Agency,Publication of information on Non-consolidated Performance Related Pay data for departments and their agencies in respect of the performance year 2010-11 onwards.,Non-consolidated Performance Related Pay - Performance Year 2010 - 2011,https://www.gov.uk/government/uploads/system/uploads/attachment_data/file/89051/ncprp-1011.csv,HM Revenue and Customs,Government,CSV
Non-consolidated Performance Related Pay - HM Revenue & Customs and Valuation Office Agency,Publication of information on Non-consolidated Performance Related Pay data for departments and their agencies in respect of the performance year 2010-11 onwards.,Non-consolidated Performance Related Pay - Performance Year 2010 - 2011,https://www.gov.uk/government/uploads/system/uploads/attachment_data/file/89050/ncprp-1011.xls,HM Revenue and Customs,Government,XLS
Privacy Impact Assessments Register,"This dataset is an abridged version of the Information Management and Security Team Privacy Impact Assessments log. The log is used to record, track and report on the Privacy Impact Assessments (PIA) A PIA is a process recommended by the Information Commissioner which assists organisations in identifying and minimising the privacy risks of new projects or policies. The Information Management and Security Team conduct a PIA in conjunction with the Information Asset Owner at the start of a new project or service that involves processing personal data. The enquiry log reference number refers to the reference number used on the central enquiry log. The type refers to the type of personal data processing the PIA covers.",Privacy Impact Assessments Register 2017,https://fsadata.github.io/privacy-impact-assessments-register/data/privacy-impact-assessments-register-for-2017.csv,Food Standards Agency,Government,CSV
Privacy Impact Assessments Register,"This dataset is an abridged version of the Information Management and Security Team Privacy Impact Assessments log. The log is used to record, track and report on the Privacy Impact Assessments (PIA) A PIA is a process recommended by the Information Commissioner which assists organisations in identifying and minimising the privacy risks of new projects or policies. The Information Management and Security Team conduct a PIA in conjunction with the Information Asset Owner at the start of a new project or service that involves processing personal data. The enquiry log reference number refers to the reference number used on the central enquiry log. The type refers to the type of personal data processing the PIA covers.",Privacy Impact Assessments Register 2016,https://fsadata.github.io/privacy-impact-assessments-register/data/privacy-impact-assessments-register-for-2016.csv,Food Standards Agency,Government,CSV
Information Management and Security Team Enquiry Log,"This dataset is an abridged version of the Information Management and Security Team enquiry log. The log is used to record, track and report on all of the enquiries received by this team at the Food Standards Agency. The team provide advice and guidance on any aspect of information governance, security, records management and data protection, as well as on the use of the FSA corporate records management system.",Information Management and Security Team Enquiry Log 2017,https://fsadata.github.io/information-management-and-security-team-enquiry-log/data/information-management-and-security-team-enquiry-log-2017.csv,Food Standards Agency,Government,CSV
Information Management and Security Team Enquiry Log,"This dataset is an abridged version of the Information Management and Security Team enquiry log. The log is used to record, track and report on all of the enquiries received by this team at the Food Standards Agency. The team provide advice and guidance on any aspect of information governance, security, records management and data protection, as well as on the use of the FSA corporate records management system.",Information Management and Security Team Enquiry Log 2016,https://fsadata.github.io/information-management-and-security-team-enquiry-log/data/information-management-and-security-team-enquiry-log-2016.csv,Food Standards Agency,Government,CSV
Information Management and Security Team Enquiry Log,"This dataset is an abridged version of the Information Management and Security Team enquiry log. The log is used to record, track and report on all of the enquiries received by this team at the Food Standards Agency. The team provide advice and guidance on any aspect of information governance, security, records management and data protection, as well as on the use of the FSA corporate records management system.",Information Management and Security Team Enquiry Log 2015,https://fsadata.github.io/information-management-and-security-team-enquiry-log/data/information-management-and-security-team-enquiry-log-2015.csv,Food Standards Agency,Government,CSV
London Fire Brigade Incident Records,"This dataset includes an extract setting out the data for London Borough of Barnet, as well as comparative data for Greater London","Incidents attended by LFB, by borough",https://files.datapress.com/london/dataset/fire-and-rescue-services-incidents-attended-borough/2015-11-19T11:51:23/lfb-incidents-month-borough.xls,London Borough of Barnet,Towns and cities,XLS
London Fire Brigade Incident Records,"This dataset includes an extract setting out the data for London Borough of Barnet, as well as comparative data for Greater London",LFB Incident data from January 2009 to December 2012,https://files.datapress.com/london/dataset/london-fire-brigade-incident-records/2016-02-25T15:34:01/LFB%20Incident%20data%20from%20Jan2009%20-%20Dec2012.zip,London Borough of Barnet,Towns and cities,ZIP
London Fire Brigade Incident Records,"This dataset includes an extract setting out the data for London Borough of Barnet, as well as comparative data for Greater London",LFB Incident data from January 2013,https://files.datapress.com/london/dataset/london-fire-brigade-incident-records/2016-10-25T16:20:23/LFB%20Incident%20data%20from%20Jan2013.zip,London Borough of Barnet,Towns and cities,ZIP
London Fire Brigade Incident Records,"This dataset includes an extract setting out the data for London Borough of Barnet, as well as comparative data for Greater London",LFB Incident data - Barnet - 2009-2012,https://files.datapress.com/barnet/dataset/london-fire-brigade-incident-records/2016-11-04T16:04:38/LFB Incident data from Jan2009 - Dec2012.csv,London Borough of Barnet,Towns and cities,CSV
London Fire Brigade Incident Records,"This dataset includes an extract setting out the data for London Borough of Barnet, as well as comparative data for Greater London",LFB Incident data - Barnet - from Jan 2013,https://files.datapress.com/barnet/dataset/london-fire-brigade-incident-records/2016-11-04T16:03:32/LFB Incident data - LBB.csv,London Borough of Barnet,Towns and cities,CSV
PM2.5 map and exposure data,"This report contains an introduction to PM2.5­, summarises our current understanding of PM2.5 concentrations and exposure, discusses the findings of research undertaken by the GLA and TfL into the extent of PM2.5 pollution in London, and assesses the potential for meeting World Health Organisation guidelines by 2030. Our analysis found that at present all Londoners are exposed to concentrations higher than WHO air quality guidelines, but, if PM2.5­ reduction measures within the Mayor’s Transport Strategy and London Environment Strategy are accompanied by co-operation on a national and international level, the guideline limit is achievable by 2030.",PM2.5 summary FINAL.PDF,https://data.london.gov.uk/download/pm2-5-map-and-exposure-data/2437aaa6-9aae-44f8-bb29-174a92e48b3a/PM2.5%2520summary%2520FINAL_v2.pdf,Greater London Authority,Environment,PDF
PM2.5 map and exposure data,"This report contains an introduction to PM2.5­, summarises our current understanding of PM2.5 concentrations and exposure, discusses the findings of research undertaken by the GLA and TfL into the extent of PM2.5 pollution in London, and assesses the potential for meeting World Health Organisation guidelines by 2030. Our analysis found that at present all Londoners are exposed to concentrations higher than WHO air quality guidelines, but, if PM2.5­ reduction measures within the Mayor’s Transport Strategy and London Environment Strategy are accompanied by co-operation on a national and international level, the guideline limit is achievable by 2030.",OA2_PM25_2013.csv,https://data.london.gov.uk/download/pm2-5-map-and-exposure-data/16c88714-a2dc-4ad8-a4c9-5a1fb981ef1a/OA2_PM25_2013.csv,Greater London Authority,Environment,CSV
"Water pollution, substantiated incidents","Water pollution, substantiated incidents","Water pollution, substantiated incidents",http://data.defra.gov.uk/ops/ea/Amended+/water_pollution_substantiated_incidents.xls,"Department for Environment, Food and Rural Affairs",Environment,XLS
"Water pollution, substantiated incidents","Water pollution, substantiated incidents","Water pollution, substantiated incidents",http://data.defra.gov.uk/ops/ea/Amended+/water_pollution_substantiated_incidents.csv,"Department for Environment, Food and Rural Affairs",Environment,CSV
Government Major Projects Portfolio data for HMRC,"As part of the transparency policy for publication of major projects data the Major Projects Authority (MPA) has published its first Annual Report. It includes a set of combined data of the Government’s Major Projects Portfolio, progress and future priorities. In addition, each government department has published detailed information about their Government Major Project Portfolio (GMPP). This includes the MPA RAG rating, key project data including financial information (whole life cost, annual budget and forecast spend) and timetable. This data is six months in arrears and will be updated every twelve months.",2022-23 - Government Major Project Portfolio (GMPP),https://assets.publishing.service.gov.uk/government/uploads/system/uploads/attachment_data/file/1171755/HMRC_Government_Major_Projects_Portofolio_Data_March_2023.xls,HM Revenue and Customs,Business and economy,XLS
Government Major Projects Portfolio data for HMRC,"As part of the transparency policy for publication of major projects data the Major Projects Authority (MPA) has published its first Annual Report. It includes a set of combined data of the Government’s Major Projects Portfolio, progress and future priorities. In addition, each government department has published detailed information about their Government Major Project Portfolio (GMPP). This includes the MPA RAG rating, key project data including financial information (whole life cost, annual budget and forecast spend) and timetable. This data is six months in arrears and will be updated every twelve months.",2022-23 - Government Major Project Portfolio (GMPP),https://assets.publishing.service.gov.uk/government/uploads/system/uploads/attachment_data/file/1171754/HMRC_Government_Major_Projects_Portofolio_Data_March_2023.csv,HM Revenue and Customs,Business and economy,CSV
Government Major Projects Portfolio data for HMRC,"As part of the transparency policy for publication of major projects data the Major Projects Authority (MPA) has published its first Annual Report. It includes a set of combined data of the Government’s Major Projects Portfolio, progress and future priorities. In addition, each government department has published detailed information about their Government Major Project Portfolio (GMPP). This includes the MPA RAG rating, key project data including financial information (whole life cost, annual budget and forecast spend) and timetable. This data is six months in arrears and will be updated every twelve months.",2021-22 - Government Major Project Portfolio (GMPP),https://assets.publishing.service.gov.uk/government/uploads/system/uploads/attachment_data/file/1092295/HMRC_Government_Major_Projects_Portfolio_Data_March_2022.xls,HM Revenue and Customs,Business and economy,XLS
Government Major Projects Portfolio data for HMRC,"As part of the transparency policy for publication of major projects data the Major Projects Authority (MPA) has published its first Annual Report. It includes a set of combined data of the Government’s Major Projects Portfolio, progress and future priorities. In addition, each government department has published detailed information about their Government Major Project Portfolio (GMPP). This includes the MPA RAG rating, key project data including financial information (whole life cost, annual budget and forecast spend) and timetable. This data is six months in arrears and will be updated every twelve months.",2021-22 - Government Major Project Portfolio (GMPP),https://assets.publishing.service.gov.uk/government/uploads/system/uploads/attachment_data/file/1092294/HMRC_Government_Major_Projects_Portfolio_Data_March_2022.ods,HM Revenue and Customs,Business and economy,ODS
Government Major Projects Portfolio data for HMRC,"As part of the transparency policy for publication of major projects data the Major Projects Authority (MPA) has published its first Annual Report. It includes a set of combined data of the Government’s Major Projects Portfolio, progress and future priorities. In addition, each government department has published detailed information about their Government Major Project Portfolio (GMPP). This includes the MPA RAG rating, key project data including financial information (whole life cost, annual budget and forecast spend) and timetable. This data is six months in arrears and will be updated every twelve months.",2021-22 - Government Major Project Portfolio (GMPP),https://assets.publishing.service.gov.uk/government/uploads/system/uploads/attachment_data/file/1092293/HMRC_Government_Major_Projects_Portfolio_Data_March_2022.csv,HM Revenue and Customs,Business and economy,CSV
Government Major Projects Portfolio data for HMRC,"As part of the transparency policy for publication of major projects data the Major Projects Authority (MPA) has published its first Annual Report. It includes a set of combined data of the Government’s Major Projects Portfolio, progress and future priorities. In addition, each government department has published detailed information about their Government Major Project Portfolio (GMPP). This includes the MPA RAG rating, key project data including financial information (whole life cost, annual budget and forecast spend) and timetable. This data is six months in arrears and will be updated every twelve months.",2020-21 - Government Major Project Portfolio (GMPP),https://assets.publishing.service.gov.uk/government/uploads/system/uploads/attachment_data/file/1002024/HMRC_Government_Major_Projects_Portofolio_Data_March_2021.xls,HM Revenue and Customs,Business and economy,XLS
Government Major Projects Portfolio data for HMRC,"As part of the transparency policy for publication of major projects data the Major Projects Authority (MPA) has published its first Annual Report. It includes a set of combined data of the Government’s Major Projects Portfolio, progress and future priorities. In addition, each government department has published detailed information about their Government Major Project Portfolio (GMPP). This includes the MPA RAG rating, key project data including financial information (whole life cost, annual budget and forecast spend) and timetable. This data is six months in arrears and will be updated every twelve months.",2020-21 - Government Major Project Portfolio (GMPP),https://assets.publishing.service.gov.uk/government/uploads/system/uploads/attachment_data/file/1002025/HMRC_Government_Major_Projects_Portofolio_Data_March_2021.ods,HM Revenue and Customs,Business and economy,ODS
Government Major Projects Portfolio data for HMRC,"As part of the transparency policy for publication of major projects data the Major Projects Authority (MPA) has published its first Annual Report. It includes a set of combined data of the Government’s Major Projects Portfolio, progress and future priorities. In addition, each government department has published detailed information about their Government Major Project Portfolio (GMPP). This includes the MPA RAG rating, key project data including financial information (whole life cost, annual budget and forecast spend) and timetable. This data is six months in arrears and will be updated every twelve months.",2020-21 - Government Major Project Portfolio (GMPP),https://assets.publishing.service.gov.uk/government/uploads/system/uploads/attachment_data/file/1002026/HMRC_Government_Major_Projects_Portofolio_Data_March_2021.csv,HM Revenue and Customs,Business and economy,CSV
Government Major Projects Portfolio data for HMRC,"As part of the transparency policy for publication of major projects data the Major Projects Authority (MPA) has published its first Annual Report. It includes a set of combined data of the Government’s Major Projects Portfolio, progress and future priorities. In addition, each government department has published detailed information about their Government Major Project Portfolio (GMPP). This includes the MPA RAG rating, key project data including financial information (whole life cost, annual budget and forecast spend) and timetable. This data is six months in arrears and will be updated every twelve months.",2019-20 - Government Major Project Portfolio (GMPP),https://assets.publishing.service.gov.uk/government/uploads/system/uploads/attachment_data/file/898894/HMRC_Government_Major_Projects_Portfolio_data_September_2019.xlsx,HM Revenue and Customs,Business and economy,XLSX
Government Major Projects Portfolio data for HMRC,"As part of the transparency policy for publication of major projects data the Major Projects Authority (MPA) has published its first Annual Report. It includes a set of combined data of the Government’s Major Projects Portfolio, progress and future priorities. In addition, each government department has published detailed information about their Government Major Project Portfolio (GMPP). This includes the MPA RAG rating, key project data including financial information (whole life cost, annual budget and forecast spend) and timetable. This data is six months in arrears and will be updated every twelve months.",2019-20 - Government Major Project Portfolio (GMPP),https://assets.publishing.service.gov.uk/government/uploads/system/uploads/attachment_data/file/898896/HMRC_Government_Major_Projects_Portfolio_data_September_2019.ods,HM Revenue and Customs,Business and economy,ODS
Government Major Projects Portfolio data for HMRC,"As part of the transparency policy for publication of major projects data the Major Projects Authority (MPA) has published its first Annual Report. It includes a set of combined data of the Government’s Major Projects Portfolio, progress and future priorities. In addition, each government department has published detailed information about their Government Major Project Portfolio (GMPP). This includes the MPA RAG rating, key project data including financial information (whole life cost, annual budget and forecast spend) and timetable. This data is six months in arrears and will be updated every twelve months.",2019-20 - Government Major Project Portfolio (GMPP),https://assets.publishing.service.gov.uk/government/uploads/system/uploads/attachment_data/file/898898/HMRC_Government_Major_Projects_Portfolio_data_September_2019.csv,HM Revenue and Customs,Business and economy,CSV
Government Major Projects Portfolio data for HMRC,"As part of the transparency policy for publication of major projects data the Major Projects Authority (MPA) has published its first Annual Report. It includes a set of combined data of the Government’s Major Projects Portfolio, progress and future priorities. In addition, each government department has published detailed information about their Government Major Project Portfolio (GMPP). This includes the MPA RAG rating, key project data including financial information (whole life cost, annual budget and forecast spend) and timetable. This data is six months in arrears and will be updated every twelve months.",2018-19 - Government Major Project Portfolio (GMPP),https://assets.publishing.service.gov.uk/government/uploads/system/uploads/attachment_data/file/817560/HMRC_Government_Major_Projects_Portfolio_data_September_2018.xlsx,HM Revenue and Customs,Business and economy,XLSX
Government Major Projects Portfolio data for HMRC,"As part of the transparency policy for publication of major projects data the Major Projects Authority (MPA) has published its first Annual Report. It includes a set of combined data of the Government’s Major Projects Portfolio, progress and future priorities. In addition, each government department has published detailed information about their Government Major Project Portfolio (GMPP). This includes the MPA RAG rating, key project data including financial information (whole life cost, annual budget and forecast spend) and timetable. This data is six months in arrears and will be updated every twelve months.",2018-19 - Government Major Project Portfolio (GMPP),https://assets.publishing.service.gov.uk/government/uploads/system/uploads/attachment_data/file/817562/HMRC_Government_Major_Projects_Portfolio_data_September_2018.ods,HM Revenue and Customs,Business and economy,ODS
Government Major Projects Portfolio data for HMRC,"As part of the transparency policy for publication of major projects data the Major Projects Authority (MPA) has published its first Annual Report. It includes a set of combined data of the Government’s Major Projects Portfolio, progress and future priorities. In addition, each government department has published detailed information about their Government Major Project Portfolio (GMPP). This includes the MPA RAG rating, key project data including financial information (whole life cost, annual budget and forecast spend) and timetable. This data is six months in arrears and will be updated every twelve months.",2018-19 - Government Major Project Portfolio (GMPP),https://assets.publishing.service.gov.uk/government/uploads/system/uploads/attachment_data/file/817561/HMRC_Government_Major_Projects_Portfolio_data_September_2018.csv,HM Revenue and Customs,Business and economy,CSV
Government Major Projects Portfolio data for HMRC,"As part of the transparency policy for publication of major projects data the Major Projects Authority (MPA) has published its first Annual Report. It includes a set of combined data of the Government’s Major Projects Portfolio, progress and future priorities. In addition, each government department has published detailed information about their Government Major Project Portfolio (GMPP). This includes the MPA RAG rating, key project data including financial information (whole life cost, annual budget and forecast spend) and timetable. This data is six months in arrears and will be updated every twelve months.",2017-18 - Government Major Projects Portfolio (GMPP),https://www.gov.uk/government/uploads/system/uploads/attachment_data/file/715928/ods-HMRC-government-major-projects-portfolio-data-september-2017.ods,HM Revenue and Customs,Business and economy,ODS
Government Major Projects Portfolio data for HMRC,"As part of the transparency policy for publication of major projects data the Major Projects Authority (MPA) has published its first Annual Report. It includes a set of combined data of the Government’s Major Projects Portfolio, progress and future priorities. In addition, each government department has published detailed information about their Government Major Project Portfolio (GMPP). This includes the MPA RAG rating, key project data including financial information (whole life cost, annual budget and forecast spend) and timetable. This data is six months in arrears and will be updated every twelve months.",2017-18 - Government Major Projects Portfolio (GMPP),https://www.gov.uk/government/uploads/system/uploads/attachment_data/file/715929/csv-HMRC-government-major-projects-portfolio-data-september-2017.csv,HM Revenue and Customs,Business and economy,CSV
Government Major Projects Portfolio data for HMRC,"As part of the transparency policy for publication of major projects data the Major Projects Authority (MPA) has published its first Annual Report. It includes a set of combined data of the Government’s Major Projects Portfolio, progress and future priorities. In addition, each government department has published detailed information about their Government Major Project Portfolio (GMPP). This includes the MPA RAG rating, key project data including financial information (whole life cost, annual budget and forecast spend) and timetable. This data is six months in arrears and will be updated every twelve months.",2017-18 - Government Major Projects Portfolio (GMPP),https://www.gov.uk/government/uploads/system/uploads/attachment_data/file/715927/xls-HMRC-government-major-projects-portfolio-data-september-2017.xlsx,HM Revenue and Customs,Business and economy,XLS
Government Major Projects Portfolio data for HMRC,"As part of the transparency policy for publication of major projects data the Major Projects Authority (MPA) has published its first Annual Report. It includes a set of combined data of the Government’s Major Projects Portfolio, progress and future priorities. In addition, each government department has published detailed information about their Government Major Project Portfolio (GMPP). This includes the MPA RAG rating, key project data including financial information (whole life cost, annual budget and forecast spend) and timetable. This data is six months in arrears and will be updated every twelve months.",GOV.UK website for Government Major Projects Portfolio data for HMRC 2017,https://www.gov.uk/government/publications/hm-revenue-customs-government-major-projects-portfolio-data-2017,HM Revenue and Customs,Business and economy,HTML
Government Major Projects Portfolio data for HMRC,"As part of the transparency policy for publication of major projects data the Major Projects Authority (MPA) has published its first Annual Report. It includes a set of combined data of the Government’s Major Projects Portfolio, progress and future priorities. In addition, each government department has published detailed information about their Government Major Project Portfolio (GMPP). This includes the MPA RAG rating, key project data including financial information (whole life cost, annual budget and forecast spend) and timetable. This data is six months in arrears and will be updated every twelve months.",GOV.UK website for Government Major Projects Portfolio data for HMRC 2016,https://www.gov.uk/government/publications/hm-revenue-customs-government-major-projects-portfolio-data-2016,HM Revenue and Customs,Business and economy,HTML
Government Major Projects Portfolio data for HMRC,"As part of the transparency policy for publication of major projects data the Major Projects Authority (MPA) has published its first Annual Report. It includes a set of combined data of the Government’s Major Projects Portfolio, progress and future priorities. In addition, each government department has published detailed information about their Government Major Project Portfolio (GMPP). This includes the MPA RAG rating, key project data including financial information (whole life cost, annual budget and forecast spend) and timetable. This data is six months in arrears and will be updated every twelve months.",2016-17 - Government Major Projects Portfolio (GMPP),https://www.gov.uk/government/uploads/system/uploads/attachment_data/file/626970/HMRC_Government_Major_Projects_Portfolio_data_September_2016.ods,HM Revenue and Customs,Business and economy,ODS
Government Major Projects Portfolio data for HMRC,"As part of the transparency policy for publication of major projects data the Major Projects Authority (MPA) has published its first Annual Report. It includes a set of combined data of the Government’s Major Projects Portfolio, progress and future priorities. In addition, each government department has published detailed information about their Government Major Project Portfolio (GMPP). This includes the MPA RAG rating, key project data including financial information (whole life cost, annual budget and forecast spend) and timetable. This data is six months in arrears and will be updated every twelve months.",2016-17 - Government Major Projects Portfolio (GMPP),https://www.gov.uk/government/uploads/system/uploads/attachment_data/file/626971/HMRC_Government_Major_Projects_Portfolio_data_September_2016.csv,HM Revenue and Customs,Business and economy,CSV
Government Major Projects Portfolio data for HMRC,"As part of the transparency policy for publication of major projects data the Major Projects Authority (MPA) has published its first Annual Report. It includes a set of combined data of the Government’s Major Projects Portfolio, progress and future priorities. In addition, each government department has published detailed information about their Government Major Project Portfolio (GMPP). This includes the MPA RAG rating, key project data including financial information (whole life cost, annual budget and forecast spend) and timetable. This data is six months in arrears and will be updated every twelve months.",2016-17 - Government Major Projects Portfolio (GMPP),https://www.gov.uk/government/uploads/system/uploads/attachment_data/file/626969/HMRC_Government_Major_Projects_Portfolio_data_September_2016.xlsx,HM Revenue and Customs,Business and economy,XLS
Government Major Projects Portfolio data for HMRC,"As part of the transparency policy for publication of major projects data the Major Projects Authority (MPA) has published its first Annual Report. It includes a set of combined data of the Government’s Major Projects Portfolio, progress and future priorities. In addition, each government department has published detailed information about their Government Major Project Portfolio (GMPP). This includes the MPA RAG rating, key project data including financial information (whole life cost, annual budget and forecast spend) and timetable. This data is six months in arrears and will be updated every twelve months.",2016-17 - Government Major Projects Portfolio (GMPP),https://www.gov.uk/government/uploads/system/uploads/attachment_data/file/530171/HMRC_Government_Major_Projects_Portfolio_data_September_2015.ods,HM Revenue and Customs,Business and economy,ODS
Government Major Projects Portfolio data for HMRC,"As part of the transparency policy for publication of major projects data the Major Projects Authority (MPA) has published its first Annual Report. It includes a set of combined data of the Government’s Major Projects Portfolio, progress and future priorities. In addition, each government department has published detailed information about their Government Major Project Portfolio (GMPP). This includes the MPA RAG rating, key project data including financial information (whole life cost, annual budget and forecast spend) and timetable. This data is six months in arrears and will be updated every twelve months.",2015-16 - Government Major Projects Portfolio (GMPP),https://www.gov.uk/government/uploads/system/uploads/attachment_data/file/530172/HMRC_Government_Major_Projects_Portfolio_data_September_2015.csv,HM Revenue and Customs,Business and economy,CSV
Government Major Projects Portfolio data for HMRC,"As part of the transparency policy for publication of major projects data the Major Projects Authority (MPA) has published its first Annual Report. It includes a set of combined data of the Government’s Major Projects Portfolio, progress and future priorities. In addition, each government department has published detailed information about their Government Major Project Portfolio (GMPP). This includes the MPA RAG rating, key project data including financial information (whole life cost, annual budget and forecast spend) and timetable. This data is six months in arrears and will be updated every twelve months.",2015-16 - Government Major Projects Portfolio (GMPP),https://www.gov.uk/government/uploads/system/uploads/attachment_data/file/530170/HMRC_Government_Major_Projects_Portfolio_data_September_2015.xlsx,HM Revenue and Customs,Business and economy,XLS
Government Major Projects Portfolio data for HMRC,"As part of the transparency policy for publication of major projects data the Major Projects Authority (MPA) has published its first Annual Report. It includes a set of combined data of the Government’s Major Projects Portfolio, progress and future priorities. In addition, each government department has published detailed information about their Government Major Project Portfolio (GMPP). This includes the MPA RAG rating, key project data including financial information (whole life cost, annual budget and forecast spend) and timetable. This data is six months in arrears and will be updated every twelve months.",2014-15 - Government Major Projects Portfolio (GMPP),https://www.gov.uk/government/uploads/system/uploads/attachment_data/file/438557/HMRC_Government_Major_Projects_Portfolio_data__September_2014v2.ods,HM Revenue and Customs,Business and economy,ODS
Government Major Projects Portfolio data for HMRC,"As part of the transparency policy for publication of major projects data the Major Projects Authority (MPA) has published its first Annual Report. It includes a set of combined data of the Government’s Major Projects Portfolio, progress and future priorities. In addition, each government department has published detailed information about their Government Major Project Portfolio (GMPP). This includes the MPA RAG rating, key project data including financial information (whole life cost, annual budget and forecast spend) and timetable. This data is six months in arrears and will be updated every twelve months.",2014-15 - Government Major Projects Portfolio (GMPP),https://www.gov.uk/government/uploads/system/uploads/attachment_data/file/438558/HMRC_Government_Major_Projects_Portfolio_data__September_2014v2.csv,HM Revenue and Customs,Business and economy,CSV
Government Major Projects Portfolio data for HMRC,"As part of the transparency policy for publication of major projects data the Major Projects Authority (MPA) has published its first Annual Report. It includes a set of combined data of the Government’s Major Projects Portfolio, progress and future priorities. In addition, each government department has published detailed information about their Government Major Project Portfolio (GMPP). This includes the MPA RAG rating, key project data including financial information (whole life cost, annual budget and forecast spend) and timetable. This data is six months in arrears and will be updated every twelve months.",2014-15 - Government Major Projects Portfolio (GMPP),https://www.gov.uk/government/uploads/system/uploads/attachment_data/file/438556/HMRC_Government_Major_Projects_Portfolio_data__September_2014-v2.xlsx,HM Revenue and Customs,Business and economy,XLS
Government Major Projects Portfolio data for HMRC,"As part of the transparency policy for publication of major projects data the Major Projects Authority (MPA) has published its first Annual Report. It includes a set of combined data of the Government’s Major Projects Portfolio, progress and future priorities. In addition, each government department has published detailed information about their Government Major Project Portfolio (GMPP). This includes the MPA RAG rating, key project data including financial information (whole life cost, annual budget and forecast spend) and timetable. This data is six months in arrears and will be updated every twelve months.",2013-14 - Government Major Projects Portfolio (GMPP),https://www.gov.uk/government/uploads/system/uploads/attachment_data/file/313287/HMRC_Government_Major_Projects_Portfolio_data__September_2013__ODS_.ods,HM Revenue and Customs,Business and economy,ODS
Government Major Projects Portfolio data for HMRC,"As part of the transparency policy for publication of major projects data the Major Projects Authority (MPA) has published its first Annual Report. It includes a set of combined data of the Government’s Major Projects Portfolio, progress and future priorities. In addition, each government department has published detailed information about their Government Major Project Portfolio (GMPP). This includes the MPA RAG rating, key project data including financial information (whole life cost, annual budget and forecast spend) and timetable. This data is six months in arrears and will be updated every twelve months.",2013-14 - Government Major Projects Portfolio (GMPP),https://www.gov.uk/government/uploads/system/uploads/attachment_data/file/313289/HMRC_Government_Major_Projects_Portfolio_data__September_2013__CSV_.csv,HM Revenue and Customs,Business and economy,CSV
Government Major Projects Portfolio data for HMRC,"As part of the transparency policy for publication of major projects data the Major Projects Authority (MPA) has published its first Annual Report. It includes a set of combined data of the Government’s Major Projects Portfolio, progress and future priorities. In addition, each government department has published detailed information about their Government Major Project Portfolio (GMPP). This includes the MPA RAG rating, key project data including financial information (whole life cost, annual budget and forecast spend) and timetable. This data is six months in arrears and will be updated every twelve months.",2013-14 - Government Major Projects Portfolio (GMPP),https://www.gov.uk/government/uploads/system/uploads/attachment_data/file/313285/HMRC_Government_Major_Projects_Portfolio_data__September_2013__XLS_.xlsx,HM Revenue and Customs,Business and economy,XLS
Government Major Projects Portfolio data for HMRC,"As part of the transparency policy for publication of major projects data the Major Projects Authority (MPA) has published its first Annual Report. It includes a set of combined data of the Government’s Major Projects Portfolio, progress and future priorities. In addition, each government department has published detailed information about their Government Major Project Portfolio (GMPP). This includes the MPA RAG rating, key project data including financial information (whole life cost, annual budget and forecast spend) and timetable. This data is six months in arrears and will be updated every twelve months.",GOV.UK website for Government Major Projects Portfolio data for HMRC 2015,https://www.gov.uk/government/publications/hm-revenue-customs-government-major-projects-portfolio-data-2015,HM Revenue and Customs,Business and economy,HTML
Government Major Projects Portfolio data for HMRC,"As part of the transparency policy for publication of major projects data the Major Projects Authority (MPA) has published its first Annual Report. It includes a set of combined data of the Government’s Major Projects Portfolio, progress and future priorities. In addition, each government department has published detailed information about their Government Major Project Portfolio (GMPP). This includes the MPA RAG rating, key project data including financial information (whole life cost, annual budget and forecast spend) and timetable. This data is six months in arrears and will be updated every twelve months.",GOV.UK website for Government Major Projects Portfolio data for HMRC 2014,https://www.gov.uk/government/publications/hm-revenue-customs-government-major-projects-portfolio-data-2014,HM Revenue and Customs,Business and economy,HTML
Government Major Projects Portfolio data for HMRC,"As part of the transparency policy for publication of major projects data the Major Projects Authority (MPA) has published its first Annual Report. It includes a set of combined data of the Government’s Major Projects Portfolio, progress and future priorities. In addition, each government department has published detailed information about their Government Major Project Portfolio (GMPP). This includes the MPA RAG rating, key project data including financial information (whole life cost, annual budget and forecast spend) and timetable. This data is six months in arrears and will be updated every twelve months.",Quarter 2 - 2012-13 - Government Major Projects Portfolio (GMPP),https://www.gov.uk/government/uploads/system/uploads/attachment_data/file/203307/gmpp-data-HMRC-q2-2012-13.ods,HM Revenue and Customs,Business and economy,ODS
Government Major Projects Portfolio data for HMRC,"As part of the transparency policy for publication of major projects data the Major Projects Authority (MPA) has published its first Annual Report. It includes a set of combined data of the Government’s Major Projects Portfolio, progress and future priorities. In addition, each government department has published detailed information about their Government Major Project Portfolio (GMPP). This includes the MPA RAG rating, key project data including financial information (whole life cost, annual budget and forecast spend) and timetable. This data is six months in arrears and will be updated every twelve months.",The policy behind Managing major projects more effectively,https://www.gov.uk/government/policies/managing-major-projects-more-effectively,HM Revenue and Customs,Business and economy,HTML
Government Major Projects Portfolio data for HMRC,"As part of the transparency policy for publication of major projects data the Major Projects Authority (MPA) has published its first Annual Report. It includes a set of combined data of the Government’s Major Projects Portfolio, progress and future priorities. In addition, each government department has published detailed information about their Government Major Project Portfolio (GMPP). This includes the MPA RAG rating, key project data including financial information (whole life cost, annual budget and forecast spend) and timetable. This data is six months in arrears and will be updated every twelve months.",Quarter 2 - 2012-13 - Government Major Projects Portfolio (GMPP),https://www.gov.uk/government/uploads/system/uploads/attachment_data/file/203308/gmpp-data-HMRC-q2-2012-13.csv,HM Revenue and Customs,Business and economy,CSV
Government Major Projects Portfolio data for HMRC,"As part of the transparency policy for publication of major projects data the Major Projects Authority (MPA) has published its first Annual Report. It includes a set of combined data of the Government’s Major Projects Portfolio, progress and future priorities. In addition, each government department has published detailed information about their Government Major Project Portfolio (GMPP). This includes the MPA RAG rating, key project data including financial information (whole life cost, annual budget and forecast spend) and timetable. This data is six months in arrears and will be updated every twelve months.",Quarter 2 - 2012-13 - Government Major Projects Portfolio (GMPP),https://www.gov.uk/government/uploads/system/uploads/attachment_data/file/203306/gmpp-data-HMRC-q2-2012-13.xls,HM Revenue and Customs,Business and economy,XLS
Government Major Projects Portfolio data for HMRC,"As part of the transparency policy for publication of major projects data the Major Projects Authority (MPA) has published its first Annual Report. It includes a set of combined data of the Government’s Major Projects Portfolio, progress and future priorities. In addition, each government department has published detailed information about their Government Major Project Portfolio (GMPP). This includes the MPA RAG rating, key project data including financial information (whole life cost, annual budget and forecast spend) and timetable. This data is six months in arrears and will be updated every twelve months.",GOV.UK website for Government Major Projects Portfolio data for HMRC 2013,https://www.gov.uk/government/publications/government-major-projects-portfolio-data-for-hmrc-2013,HM Revenue and Customs,Business and economy,HTML
